series,seed,ok,keep,source,moves,level,lower_bound,ratio,seconds,id,generator,created_by,path
100,1,1,0,dfs,129,,17,7.59,0.059,,random_walk@1,beadmatch,
100,2,1,1,kociemba,19,2,19,1.0,0.005,20260913-000938-6a27,random_walk@1,beadmatch,puzzles\2\20260913-000938-6a27.txt
100,3,1,1,kociemba,26,3,23,1.13,0.023,20260913-000938-7761,random_walk@1,beadmatch,puzzles\3\20260913-000938-7761.txt
100,4,1,1,kociemba,28,3,21,1.33,0.024,20260913-000938-7e90,random_walk@1,beadmatch,puzzles\3\20260913-000938-7e90.txt
100,5,1,1,kociemba,28,3,21,1.33,0.028,20260913-000938-f06b,random_walk@1,beadmatch,puzzles\3\20260913-000938-f06b.txt
100,6,1,1,kociemba,32,4,22,1.45,0.008,20260913-000938-efe2,random_walk@1,beadmatch,puzzles\4\20260913-000938-efe2.txt
100,7,1,1,kociemba,19,2,16,1.19,0.007,20260913-000938-6a7a,random_walk@1,beadmatch,puzzles\2\20260913-000938-6a7a.txt
100,8,1,1,kociemba,27,3,16,1.69,0.01,20260913-000938-3737,random_walk@1,beadmatch,puzzles\3\20260913-000938-3737.txt
100,9,1,1,kociemba,20,2,17,1.18,0.008,20260913-000938-2346,random_walk@1,beadmatch,puzzles\2\20260913-000938-2346.txt
100,10,1,1,kociemba,21,3,18,1.17,0.017,20260913-000938-d8f2,random_walk@1,beadmatch,puzzles\3\20260913-000938-d8f2.txt
100,11,1,1,kociemba,18,2,17,1.06,0.007,20260913-000938-12ed,random_walk@1,beadmatch,puzzles\2\20260913-000938-12ed.txt
100,12,1,1,kociemba,25,3,19,1.32,0.006,20260913-000938-831a,random_walk@1,beadmatch,puzzles\3\20260913-000938-831a.txt
100,13,1,1,kociemba,29,3,20,1.45,0.007,20260913-000938-9553,random_walk@1,beadmatch,puzzles\3\20260913-000938-9553.txt
100,14,0,0,-,,,25,,5.212,,random_walk@1,beadmatch,
100,15,1,1,kociemba,21,3,15,1.4,0.008,20260913-000943-4be6,random_walk@1,beadmatch,puzzles\3\20260913-000943-4be6.txt
100,16,1,1,kociemba,28,3,20,1.4,0.011,20260913-000943-c925,random_walk@1,beadmatch,puzzles\3\20260913-000943-c925.txt
100,17,1,1,kociemba,19,2,17,1.12,0.003,20260913-000943-9115,random_walk@1,beadmatch,puzzles\2\20260913-000943-9115.txt
100,18,1,1,kociemba,21,3,18,1.17,0.019,20260913-000943-c045,random_walk@1,beadmatch,puzzles\3\20260913-000943-c045.txt
100,19,1,1,kociemba,32,4,20,1.6,0.011,20260913-000943-b34d,random_walk@1,beadmatch,puzzles\4\20260913-000943-b34d.txt
100,20,1,1,kociemba,31,4,19,1.63,0.026,20260913-000943-ba4c,random_walk@1,beadmatch,puzzles\4\20260913-000943-ba4c.txt
100,21,1,1,kociemba,37,4,21,1.76,0.01,20260913-000943-27e8,random_walk@1,beadmatch,puzzles\4\20260913-000943-27e8.txt
100,22,1,1,kociemba,23,3,19,1.21,0.03,20260913-000943-c297,random_walk@1,beadmatch,puzzles\3\20260913-000943-c297.txt
100,23,0,0,-,,,17,,5.462,,random_walk@1,beadmatch,
100,24,1,1,kociemba,23,3,18,1.28,0.005,20260913-000949-246d,random_walk@1,beadmatch,puzzles\3\20260913-000949-246d.txt
100,25,0,0,-,,,20,,5.305,,random_walk@1,beadmatch,
100,26,1,1,kociemba,27,3,20,1.35,0.029,20260913-000954-efda,random_walk@1,beadmatch,puzzles\3\20260913-000954-efda.txt
100,27,0,0,-,,,21,,5.546,,random_walk@1,beadmatch,
100,28,1,1,kociemba,17,2,14,1.21,0.003,20260913-001000-4598,random_walk@1,beadmatch,puzzles\2\20260913-001000-4598.txt
100,29,0,0,-,,,21,,5.373,,random_walk@1,beadmatch,
100,30,1,1,kociemba,38,4,22,1.73,0.007,20260913-001005-356d,random_walk@1,beadmatch,puzzles\4\20260913-001005-356d.txt
100,31,1,1,kociemba,27,3,17,1.59,0.016,20260913-001005-c9de,random_walk@1,beadmatch,puzzles\3\20260913-001005-c9de.txt
100,32,1,1,kociemba,23,3,17,1.35,0.011,20260913-001005-fbc3,random_walk@1,beadmatch,puzzles\3\20260913-001005-fbc3.txt
100,33,1,1,kociemba,27,3,19,1.42,0.017,20260913-001005-3e10,random_walk@1,beadmatch,puzzles\3\20260913-001005-3e10.txt
100,34,1,1,kociemba,30,3,20,1.5,0.011,20260913-001005-ee8c,random_walk@1,beadmatch,puzzles\3\20260913-001005-ee8c.txt
100,35,1,1,kociemba,24,3,19,1.26,0.004,20260913-001005-2178,random_walk@1,beadmatch,puzzles\3\20260913-001005-2178.txt
100,36,1,1,kociemba,18,2,16,1.12,0.005,20260913-001005-15a3,random_walk@1,beadmatch,puzzles\2\20260913-001005-15a3.txt
100,37,1,1,kociemba,22,3,16,1.38,0.035,20260913-001005-6710,random_walk@1,beadmatch,puzzles\3\20260913-001005-6710.txt
100,38,1,1,kociemba,24,3,17,1.41,0.009,20260913-001005-33ce,random_walk@1,beadmatch,puzzles\3\20260913-001005-33ce.txt
100,39,1,0,dfs,196,,22,8.91,4.659,,random_walk@1,beadmatch,
100,40,1,1,kociemba,32,4,17,1.88,0.012,20260913-001010-a433,random_walk@1,beadmatch,puzzles\4\20260913-001010-a433.txt
100,41,1,1,kociemba,20,2,17,1.18,0.016,20260913-001010-59b4,random_walk@1,beadmatch,puzzles\2\20260913-001010-59b4.txt
100,42,1,1,kociemba,22,3,15,1.47,0.012,20260913-001010-9e7a,random_walk@1,beadmatch,puzzles\3\20260913-001010-9e7a.txt
100,43,1,1,kociemba,26,3,17,1.53,0.006,20260913-001010-4878,random_walk@1,beadmatch,puzzles\3\20260913-001010-4878.txt
100,44,1,1,kociemba,27,3,20,1.35,0.017,20260913-001010-fd24,random_walk@1,beadmatch,puzzles\3\20260913-001010-fd24.txt
100,45,1,1,kociemba,19,2,11,1.73,0.002,20260913-001010-e371,random_walk@1,beadmatch,puzzles\2\20260913-001010-e371.txt
100,46,0,0,-,,,18,,5.47,,random_walk@1,beadmatch,
100,47,1,1,kociemba,24,3,18,1.33,0.023,20260913-001015-5d01,random_walk@1,beadmatch,puzzles\3\20260913-001015-5d01.txt
100,48,1,1,kociemba,27,3,22,1.23,0.01,20260913-001015-33d9,random_walk@1,beadmatch,puzzles\3\20260913-001015-33d9.txt
100,49,1,1,kociemba,22,3,18,1.22,0.006,20260913-001015-6b39,random_walk@1,beadmatch,puzzles\3\20260913-001015-6b39.txt
100,50,1,1,kociemba,26,3,20,1.3,0.017,20260913-001015-4496,random_walk@1,beadmatch,puzzles\3\20260913-001015-4496.txt
100,51,1,1,kociemba,27,3,18,1.5,0.017,20260913-001016-df9a,random_walk@1,beadmatch,puzzles\3\20260913-001016-df9a.txt
100,52,1,1,kociemba,35,4,19,1.84,0.008,20260913-001016-01de,random_walk@1,beadmatch,puzzles\4\20260913-001016-01de.txt
100,53,1,1,kociemba,31,4,22,1.41,0.043,20260913-001016-0079,random_walk@1,beadmatch,puzzles\4\20260913-001016-0079.txt
100,54,1,1,kociemba,27,3,19,1.42,0.038,20260913-001016-9dc2,random_walk@1,beadmatch,puzzles\3\20260913-001016-9dc2.txt
100,55,1,1,kociemba,32,4,20,1.6,0.014,20260913-001016-37c2,random_walk@1,beadmatch,puzzles\4\20260913-001016-37c2.txt
100,56,1,0,dfs,137,,13,10.54,4.142,,random_walk@1,beadmatch,
100,57,1,1,kociemba,23,3,18,1.28,0.006,20260913-001020-6285,random_walk@1,beadmatch,puzzles\3\20260913-001020-6285.txt
100,58,1,1,kociemba,37,4,21,1.76,0.009,20260913-001020-16e8,random_walk@1,beadmatch,puzzles\4\20260913-001020-16e8.txt
100,59,1,1,kociemba,32,4,22,1.45,0.01,20260913-001020-f2d9,random_walk@1,beadmatch,puzzles\4\20260913-001020-f2d9.txt
100,60,1,1,kociemba,31,4,20,1.55,0.002,20260913-001020-f2ca,random_walk@1,beadmatch,puzzles\4\20260913-001020-f2ca.txt
100,61,1,1,kociemba,28,3,21,1.33,0.005,20260913-001020-b502,random_walk@1,beadmatch,puzzles\3\20260913-001020-b502.txt
100,62,1,1,kociemba,20,2,17,1.18,0.005,20260913-001020-7234,random_walk@1,beadmatch,puzzles\2\20260913-001020-7234.txt
100,63,1,1,kociemba,24,3,19,1.26,0.005,20260913-001020-4579,random_walk@1,beadmatch,puzzles\3\20260913-001020-4579.txt
100,64,0,0,-,,,20,,5.293,,random_walk@1,beadmatch,
100,65,1,1,kociemba,17,2,15,1.13,0.007,20260913-001025-ef00,random_walk@1,beadmatch,puzzles\2\20260913-001025-ef00.txt
100,66,1,1,kociemba,27,3,18,1.5,0.016,20260913-001025-03b1,random_walk@1,beadmatch,puzzles\3\20260913-001025-03b1.txt
100,67,1,1,kociemba,22,3,18,1.22,0.004,20260913-001025-ded5,random_walk@1,beadmatch,puzzles\3\20260913-001025-ded5.txt
100,68,1,1,kociemba,27,3,21,1.29,0.007,20260913-001025-43ce,random_walk@1,beadmatch,puzzles\3\20260913-001025-43ce.txt
100,69,1,1,kociemba,21,3,18,1.17,0.018,20260913-001025-d845,random_walk@1,beadmatch,puzzles\3\20260913-001025-d845.txt
100,70,0,0,-,,,18,,5.314,,random_walk@1,beadmatch,
100,71,0,0,-,,,27,,5.138,,random_walk@1,beadmatch,
100,72,1,1,kociemba,29,3,18,1.61,0.057,20260913-001036-dada,random_walk@1,beadmatch,puzzles\3\20260913-001036-dada.txt
100,73,1,1,kociemba,21,3,18,1.17,0.015,20260913-001036-aaee,random_walk@1,beadmatch,puzzles\3\20260913-001036-aaee.txt
100,74,1,1,kociemba,31,4,22,1.41,0.003,20260913-001036-456b,random_walk@1,beadmatch,puzzles\4\20260913-001036-456b.txt
100,75,1,1,kociemba,29,3,23,1.26,0.012,20260913-001036-ffc9,random_walk@1,beadmatch,puzzles\3\20260913-001036-ffc9.txt
100,76,0,0,-,,,20,,5.365,,random_walk@1,beadmatch,
100,77,1,1,kociemba,25,3,22,1.14,0.019,20260913-001041-f426,random_walk@1,beadmatch,puzzles\3\20260913-001041-f426.txt
100,78,1,1,kociemba,18,2,16,1.12,0.006,20260913-001041-5a30,random_walk@1,beadmatch,puzzles\2\20260913-001041-5a30.txt
100,79,1,1,kociemba,29,3,20,1.45,0.022,20260913-001041-7991,random_walk@1,beadmatch,puzzles\3\20260913-001041-7991.txt
100,80,0,0,-,,,20,,5.162,,random_walk@1,beadmatch,
100,81,1,1,kociemba,25,3,18,1.39,0.013,20260913-001046-33c9,random_walk@1,beadmatch,puzzles\3\20260913-001046-33c9.txt
100,82,0,0,-,,,25,,5.23,,random_walk@1,beadmatch,
100,83,1,1,kociemba,30,3,21,1.43,0.012,20260913-001052-1dc7,random_walk@1,beadmatch,puzzles\3\20260913-001052-1dc7.txt
100,84,1,1,kociemba,23,3,20,1.15,0.041,20260913-001052-1da4,random_walk@1,beadmatch,puzzles\3\20260913-001052-1da4.txt
100,85,1,1,kociemba,31,4,21,1.48,0.02,20260913-001052-8e31,random_walk@1,beadmatch,puzzles\4\20260913-001052-8e31.txt
100,86,1,1,kociemba,22,3,19,1.16,0.005,20260913-001052-17b0,random_walk@1,beadmatch,puzzles\3\20260913-001052-17b0.txt
100,87,1,1,kociemba,37,4,23,1.61,0.005,20260913-001052-d9a7,random_walk@1,beadmatch,puzzles\4\20260913-001052-d9a7.txt
100,88,1,0,dfs,170,,21,8.1,0.971,,random_walk@1,beadmatch,
100,89,1,1,kociemba,29,3,20,1.45,0.024,20260913-001053-d287,random_walk@1,beadmatch,puzzles\3\20260913-001053-d287.txt
100,90,0,0,-,,,17,,5.379,,random_walk@1,beadmatch,
100,91,1,1,kociemba,21,3,18,1.17,0.003,20260913-001058-f06a,random_walk@1,beadmatch,puzzles\3\20260913-001058-f06a.txt
100,92,1,1,kociemba,20,2,14,1.43,0.006,20260913-001058-b6f5,random_walk@1,beadmatch,puzzles\2\20260913-001058-b6f5.txt
100,93,1,1,kociemba,27,3,17,1.59,0.011,20260913-001058-c1bf,random_walk@1,beadmatch,puzzles\3\20260913-001058-c1bf.txt
100,94,1,1,kociemba,27,3,16,1.69,0.005,20260913-001058-eeaf,random_walk@1,beadmatch,puzzles\3\20260913-001058-eeaf.txt
100,95,1,1,kociemba,26,3,19,1.37,0.016,20260913-001058-afde,random_walk@1,beadmatch,puzzles\3\20260913-001058-afde.txt
100,96,0,0,-,,,19,,5.314,,random_walk@1,beadmatch,
100,97,1,1,kociemba,24,3,19,1.26,0.02,20260913-001103-716c,random_walk@1,beadmatch,puzzles\3\20260913-001103-716c.txt
100,98,1,1,kociemba,25,3,18,1.39,0.019,20260913-001103-dd41,random_walk@1,beadmatch,puzzles\3\20260913-001103-dd41.txt
100,99,1,0,dfs,175,,17,10.29,1.938,,random_walk@1,beadmatch,
100,100,1,1,kociemba,22,3,17,1.29,0.003,20260913-001105-2ec2,random_walk@1,beadmatch,puzzles\3\20260913-001105-2ec2.txt
100,101,0,0,-,,,26,,5.311,,random_walk@1,beadmatch,
100,102,1,1,kociemba,25,3,21,1.19,0.003,20260913-001111-64c6,random_walk@1,beadmatch,puzzles\3\20260913-001111-64c6.txt
100,103,1,1,kociemba,23,3,19,1.21,0.005,20260913-001111-40ed,random_walk@1,beadmatch,puzzles\3\20260913-001111-40ed.txt
100,104,0,0,-,,,22,,5.099,,random_walk@1,beadmatch,
100,105,1,1,kociemba,16,2,15,1.07,0.003,20260913-001116-3205,random_walk@1,beadmatch,puzzles\2\20260913-001116-3205.txt
100,106,1,1,kociemba,28,3,19,1.47,0.003,20260913-001116-cd73,random_walk@1,beadmatch,puzzles\3\20260913-001116-cd73.txt
100,107,1,1,kociemba,31,4,20,1.55,0.015,20260913-001116-d1b8,random_walk@1,beadmatch,puzzles\4\20260913-001116-d1b8.txt
100,108,1,1,kociemba,25,3,17,1.47,0.009,20260913-001116-24fa,random_walk@1,beadmatch,puzzles\3\20260913-001116-24fa.txt
100,109,0,0,-,,,20,,5.27,,random_walk@1,beadmatch,
100,110,1,1,kociemba,30,3,19,1.58,0.01,20260913-001122-9387,random_walk@1,beadmatch,puzzles\3\20260913-001122-9387.txt
100,111,0,0,-,,,26,,5.293,,random_walk@1,beadmatch,
100,112,1,1,kociemba,24,3,18,1.33,0.002,20260913-001127-c35b,random_walk@1,beadmatch,puzzles\3\20260913-001127-c35b.txt
100,113,1,1,kociemba,24,3,19,1.26,0.023,20260913-001127-aeb1,random_walk@1,beadmatch,puzzles\3\20260913-001127-aeb1.txt
100,114,1,1,kociemba,29,3,21,1.38,0.007,20260913-001127-27c0,random_walk@1,beadmatch,puzzles\3\20260913-001127-27c0.txt
100,115,1,1,kociemba,24,3,19,1.26,0.007,20260913-001127-435a,random_walk@1,beadmatch,puzzles\3\20260913-001127-435a.txt
100,116,1,1,kociemba,26,3,17,1.53,0.008,20260913-001127-796c,random_walk@1,beadmatch,puzzles\3\20260913-001127-796c.txt
100,117,1,1,kociemba,32,4,22,1.45,0.033,20260913-001127-946f,random_walk@1,beadmatch,puzzles\4\20260913-001127-946f.txt
100,118,1,1,kociemba,22,3,18,1.22,0.009,20260913-001127-6367,random_walk@1,beadmatch,puzzles\3\20260913-001127-6367.txt
100,119,1,1,kociemba,26,3,20,1.3,0.032,20260913-001127-2b0c,random_walk@1,beadmatch,puzzles\3\20260913-001127-2b0c.txt
100,120,1,1,kociemba,27,3,23,1.17,0.047,20260913-001127-3e93,random_walk@1,beadmatch,puzzles\3\20260913-001127-3e93.txt
100,121,1,1,kociemba,29,3,21,1.38,0.033,20260913-001127-6243,random_walk@1,beadmatch,puzzles\3\20260913-001127-6243.txt
100,122,0,0,-,,,22,,5.396,,random_walk@1,beadmatch,
100,123,1,1,kociemba,24,3,20,1.2,0.007,20260913-001132-cd73,random_walk@1,beadmatch,puzzles\3\20260913-001132-cd73.txt
100,124,1,1,kociemba,23,3,20,1.15,0.011,20260913-001132-a56b,random_walk@1,beadmatch,puzzles\3\20260913-001132-a56b.txt
100,125,1,1,kociemba,22,3,17,1.29,0.009,20260913-001132-55db,random_walk@1,beadmatch,puzzles\3\20260913-001132-55db.txt
100,126,1,1,kociemba,28,3,20,1.4,0.006,20260913-001132-62ba,random_walk@1,beadmatch,puzzles\3\20260913-001132-62ba.txt
100,127,1,1,kociemba,29,3,21,1.38,0.014,20260913-001133-4e4d,random_walk@1,beadmatch,puzzles\3\20260913-001133-4e4d.txt
100,128,0,0,-,,,17,,5.122,,random_walk@1,beadmatch,
100,129,1,1,kociemba,22,3,18,1.22,0.014,20260913-001138-6535,random_walk@1,beadmatch,puzzles\3\20260913-001138-6535.txt
100,130,1,1,kociemba,33,4,21,1.57,0.009,20260913-001138-aee5,random_walk@1,beadmatch,puzzles\4\20260913-001138-aee5.txt
100,131,1,1,kociemba,31,4,22,1.41,0.01,20260913-001138-31fe,random_walk@1,beadmatch,puzzles\4\20260913-001138-31fe.txt
100,132,1,1,kociemba,22,3,18,1.22,0.004,20260913-001138-1116,random_walk@1,beadmatch,puzzles\3\20260913-001138-1116.txt
100,133,1,1,kociemba,21,3,18,1.17,0.007,20260913-001138-23a1,random_walk@1,beadmatch,puzzles\3\20260913-001138-23a1.txt
100,134,1,1,kociemba,22,3,19,1.16,0.015,20260913-001138-8a83,random_walk@1,beadmatch,puzzles\3\20260913-001138-8a83.txt
100,135,1,1,kociemba,24,3,19,1.26,0.006,20260913-001138-41b7,random_walk@1,beadmatch,puzzles\3\20260913-001138-41b7.txt
100,136,1,1,kociemba,36,4,23,1.57,0.015,20260913-001138-7ba2,random_walk@1,beadmatch,puzzles\4\20260913-001138-7ba2.txt
100,137,1,1,kociemba,30,3,15,2.0,0.008,20260913-001138-2f23,random_walk@1,beadmatch,puzzles\3\20260913-001138-2f23.txt
100,138,1,1,kociemba,27,3,23,1.17,0.014,20260913-001138-edc8,random_walk@1,beadmatch,puzzles\3\20260913-001138-edc8.txt
100,139,1,1,kociemba,43,5,24,1.79,0.015,20260913-001138-7d26,random_walk@1,beadmatch,puzzles\5\20260913-001138-7d26.txt
100,140,1,1,kociemba,29,3,22,1.32,0.02,20260913-001138-ed20,random_walk@1,beadmatch,puzzles\3\20260913-001138-ed20.txt
100,141,0,0,-,,,20,,5.062,,random_walk@1,beadmatch,
100,142,1,1,kociemba,23,3,16,1.44,0.015,20260913-001143-609c,random_walk@1,beadmatch,puzzles\3\20260913-001143-609c.txt
100,143,0,0,-,,,20,,5.175,,random_walk@1,beadmatch,
100,144,1,1,kociemba,25,3,20,1.25,0.071,20260913-001148-51cc,random_walk@1,beadmatch,puzzles\3\20260913-001148-51cc.txt
100,145,0,0,-,,,22,,5.136,,random_walk@1,beadmatch,
100,146,1,1,kociemba,33,4,21,1.57,0.015,20260913-001153-a9d6,random_walk@1,beadmatch,puzzles\4\20260913-001153-a9d6.txt
100,147,1,1,kociemba,22,3,20,1.1,0.021,20260913-001153-eaef,random_walk@1,beadmatch,puzzles\3\20260913-001153-eaef.txt
100,148,0,0,-,,,19,,5.186,,random_walk@1,beadmatch,
100,149,1,1,kociemba,36,4,21,1.71,0.007,20260913-001158-36e9,random_walk@1,beadmatch,puzzles\4\20260913-001158-36e9.txt
100,150,1,0,dfs,189,,21,9.0,2.926,,random_walk@1,beadmatch,
100,151,1,1,kociemba,24,3,19,1.26,0.024,20260913-001201-dcdb,random_walk@1,beadmatch,puzzles\3\20260913-001201-dcdb.txt
100,152,1,1,kociemba,35,4,21,1.67,0.007,20260913-001201-e06f,random_walk@1,beadmatch,puzzles\4\20260913-001201-e06f.txt
100,153,0,0,-,,,22,,5.456,,random_walk@1,beadmatch,
100,154,1,1,kociemba,29,3,21,1.38,0.01,20260913-001207-7235,random_walk@1,beadmatch,puzzles\3\20260913-001207-7235.txt
100,155,1,0,dfs,126,,18,7.0,0.043,,random_walk@1,beadmatch,
100,156,1,1,kociemba,42,5,23,1.83,0.013,20260913-001207-9cea,random_walk@1,beadmatch,puzzles\5\20260913-001207-9cea.txt
100,157,1,1,kociemba,22,3,18,1.22,0.01,20260913-001207-351c,random_walk@1,beadmatch,puzzles\3\20260913-001207-351c.txt
100,158,1,1,kociemba,23,3,17,1.35,0.022,20260913-001207-c127,random_walk@1,beadmatch,puzzles\3\20260913-001207-c127.txt
100,159,1,1,kociemba,24,3,18,1.33,0.004,20260913-001207-29e8,random_walk@1,beadmatch,puzzles\3\20260913-001207-29e8.txt
100,160,0,0,-,,,20,,5.211,,random_walk@1,beadmatch,
100,161,1,1,kociemba,26,3,18,1.44,0.021,20260913-001212-5c1b,random_walk@1,beadmatch,puzzles\3\20260913-001212-5c1b.txt
100,162,1,1,kociemba,28,3,22,1.27,0.013,20260913-001212-a43e,random_walk@1,beadmatch,puzzles\3\20260913-001212-a43e.txt
100,163,0,0,-,,,23,,5.62,,random_walk@1,beadmatch,
100,164,1,1,kociemba,33,4,21,1.57,0.003,20260913-001218-876d,random_walk@1,beadmatch,puzzles\4\20260913-001218-876d.txt
100,165,1,1,kociemba,19,2,17,1.12,0.013,20260913-001218-34f2,random_walk@1,beadmatch,puzzles\2\20260913-001218-34f2.txt
100,166,1,1,kociemba,25,3,18,1.39,0.009,20260913-001218-6911,random_walk@1,beadmatch,puzzles\3\20260913-001218-6911.txt
100,167,1,1,kociemba,23,3,20,1.15,0.073,20260913-001218-7f22,random_walk@1,beadmatch,puzzles\3\20260913-001218-7f22.txt
100,168,0,0,-,,,21,,5.294,,random_walk@1,beadmatch,
100,169,0,0,-,,,18,,5.403,,random_walk@1,beadmatch,
100,170,1,1,kociemba,32,4,25,1.28,0.013,20260913-001229-5866,random_walk@1,beadmatch,puzzles\4\20260913-001229-5866.txt
100,171,1,1,kociemba,23,3,21,1.1,0.032,20260913-001229-cb96,random_walk@1,beadmatch,puzzles\3\20260913-001229-cb96.txt
100,172,1,1,kociemba,32,4,18,1.78,0.007,20260913-001229-9d1d,random_walk@1,beadmatch,puzzles\4\20260913-001229-9d1d.txt
100,173,1,1,kociemba,25,3,20,1.25,0.008,20260913-001229-2592,random_walk@1,beadmatch,puzzles\3\20260913-001229-2592.txt
100,174,0,0,-,,,20,,5.136,,random_walk@1,beadmatch,
100,175,1,1,kociemba,31,4,19,1.63,0.003,20260913-001234-8c45,random_walk@1,beadmatch,puzzles\4\20260913-001234-8c45.txt
100,176,1,1,kociemba,25,3,20,1.25,0.029,20260913-001234-3007,random_walk@1,beadmatch,puzzles\3\20260913-001234-3007.txt
100,177,1,1,kociemba,25,3,16,1.56,0.058,20260913-001234-8bae,random_walk@1,beadmatch,puzzles\3\20260913-001234-8bae.txt
100,178,1,1,kociemba,23,3,16,1.44,0.004,20260913-001234-a613,random_walk@1,beadmatch,puzzles\3\20260913-001234-a613.txt
100,179,1,1,kociemba,23,3,21,1.1,0.005,20260913-001234-c525,random_walk@1,beadmatch,puzzles\3\20260913-001234-c525.txt
100,180,1,1,kociemba,24,3,20,1.2,0.019,20260913-001234-4463,random_walk@1,beadmatch,puzzles\3\20260913-001234-4463.txt
100,181,0,0,-,,,20,,5.114,,random_walk@1,beadmatch,
100,182,0,0,-,,,21,,5.291,,random_walk@1,beadmatch,
100,183,1,1,kociemba,21,3,16,1.31,0.008,20260913-001244-3b7e,random_walk@1,beadmatch,puzzles\3\20260913-001244-3b7e.txt
100,184,1,1,kociemba,29,3,22,1.32,0.021,20260913-001244-4f96,random_walk@1,beadmatch,puzzles\3\20260913-001244-4f96.txt
100,185,1,1,kociemba,24,3,19,1.26,0.062,20260913-001245-b46d,random_walk@1,beadmatch,puzzles\3\20260913-001245-b46d.txt
100,186,1,1,kociemba,19,2,19,1.0,0.004,20260913-001245-cef3,random_walk@1,beadmatch,puzzles\2\20260913-001245-cef3.txt
100,187,1,1,kociemba,38,4,19,2.0,0.008,20260913-001245-cb2b,random_walk@1,beadmatch,puzzles\4\20260913-001245-cb2b.txt
100,188,1,1,kociemba,28,3,19,1.47,0.022,20260913-001245-12ea,random_walk@1,beadmatch,puzzles\3\20260913-001245-12ea.txt
100,189,1,1,kociemba,29,3,17,1.71,0.005,20260913-001245-45e4,random_walk@1,beadmatch,puzzles\3\20260913-001245-45e4.txt
100,190,1,1,kociemba,27,3,22,1.23,0.016,20260913-001245-a080,random_walk@1,beadmatch,puzzles\3\20260913-001245-a080.txt
100,191,1,0,dfs,188,,20,9.4,0.99,,random_walk@1,beadmatch,
100,192,1,1,kociemba,24,3,16,1.5,0.004,20260913-001246-28ef,random_walk@1,beadmatch,puzzles\3\20260913-001246-28ef.txt
100,193,1,1,kociemba,20,2,15,1.33,0.048,20260913-001246-1f18,random_walk@1,beadmatch,puzzles\2\20260913-001246-1f18.txt
100,194,1,0,dfs,116,,23,5.04,1.033,,random_walk@1,beadmatch,
100,195,1,1,kociemba,29,3,24,1.21,0.042,20260913-001247-b4b8,random_walk@1,beadmatch,puzzles\3\20260913-001247-b4b8.txt
100,196,1,1,kociemba,24,3,22,1.09,0.026,20260913-001247-02b9,random_walk@1,beadmatch,puzzles\3\20260913-001247-02b9.txt
100,197,1,1,kociemba,32,4,16,2.0,0.01,20260913-001247-7a24,random_walk@1,beadmatch,puzzles\4\20260913-001247-7a24.txt
100,198,1,1,kociemba,28,3,21,1.33,0.032,20260913-001247-1589,random_walk@1,beadmatch,puzzles\3\20260913-001247-1589.txt
100,199,1,1,kociemba,29,3,20,1.45,0.01,20260913-001247-4a83,random_walk@1,beadmatch,puzzles\3\20260913-001247-4a83.txt
100,200,1,1,kociemba,30,3,20,1.5,0.005,20260913-001247-83f4,random_walk@1,beadmatch,puzzles\3\20260913-001247-83f4.txt
100,201,1,0,dfs,93,,17,5.47,3.781,,random_walk@1,beadmatch,
100,202,1,1,kociemba,23,3,17,1.35,0.005,20260913-001251-3ab2,random_walk@1,beadmatch,puzzles\3\20260913-001251-3ab2.txt
100,203,1,1,kociemba,23,3,18,1.28,0.021,20260913-001251-1ee5,random_walk@1,beadmatch,puzzles\3\20260913-001251-1ee5.txt
100,204,0,0,-,,,16,,5.49,,random_walk@1,beadmatch,
100,205,1,1,kociemba,27,3,21,1.29,0.043,20260913-001256-b596,random_walk@1,beadmatch,puzzles\3\20260913-001256-b596.txt
100,206,1,1,kociemba,22,3,16,1.38,0.011,20260913-001256-b805,random_walk@1,beadmatch,puzzles\3\20260913-001256-b805.txt
100,207,1,1,kociemba,21,3,19,1.11,0.009,20260913-001256-a946,random_walk@1,beadmatch,puzzles\3\20260913-001256-a946.txt
100,208,1,0,dfs,177,,16,11.06,2.037,,random_walk@1,beadmatch,
100,209,1,1,kociemba,27,3,22,1.23,0.03,20260913-001258-87f1,random_walk@1,beadmatch,puzzles\3\20260913-001258-87f1.txt
100,210,1,1,kociemba,28,3,19,1.47,0.003,20260913-001258-ed3f,random_walk@1,beadmatch,puzzles\3\20260913-001258-ed3f.txt
100,211,1,1,kociemba,25,3,17,1.47,0.018,20260913-001258-f6d7,random_walk@1,beadmatch,puzzles\3\20260913-001258-f6d7.txt
100,212,1,1,kociemba,29,3,23,1.26,0.005,20260913-001258-4817,random_walk@1,beadmatch,puzzles\3\20260913-001258-4817.txt
100,213,1,1,kociemba,34,4,21,1.62,0.027,20260913-001258-0365,random_walk@1,beadmatch,puzzles\4\20260913-001258-0365.txt
100,214,1,1,kociemba,33,4,22,1.5,0.01,20260913-001258-c3f5,random_walk@1,beadmatch,puzzles\4\20260913-001258-c3f5.txt
100,215,1,1,kociemba,22,3,19,1.16,0.009,20260913-001258-2c80,random_walk@1,beadmatch,puzzles\3\20260913-001258-2c80.txt
100,216,1,1,kociemba,27,3,18,1.5,0.048,20260913-001258-fb4a,random_walk@1,beadmatch,puzzles\3\20260913-001258-fb4a.txt
100,217,1,0,dfs,200,,16,12.5,3.564,,random_walk@1,beadmatch,
100,218,1,1,kociemba,24,3,17,1.41,0.006,20260913-001302-c477,random_walk@1,beadmatch,puzzles\3\20260913-001302-c477.txt
100,219,1,1,kociemba,40,4,21,1.9,0.008,20260913-001302-18e7,random_walk@1,beadmatch,puzzles\4\20260913-001302-18e7.txt
100,220,1,1,kociemba,27,3,21,1.29,0.032,20260913-001302-da69,random_walk@1,beadmatch,puzzles\3\20260913-001302-da69.txt
100,221,0,0,-,,,23,,5.085,,random_walk@1,beadmatch,
100,222,0,0,-,,,23,,5.137,,random_walk@1,beadmatch,
100,223,1,1,kociemba,20,2,19,1.05,0.004,20260913-001312-2f74,random_walk@1,beadmatch,puzzles\2\20260913-001312-2f74.txt
100,224,1,1,kociemba,24,3,14,1.71,0.008,20260913-001312-898e,random_walk@1,beadmatch,puzzles\3\20260913-001312-898e.txt
100,225,0,0,-,,,21,,5.084,,random_walk@1,beadmatch,
100,226,0,0,-,,,17,,5.135,,random_walk@1,beadmatch,
100,227,1,0,dfs,156,,20,7.8,3.755,,random_walk@1,beadmatch,
100,228,1,1,kociemba,30,3,20,1.5,0.007,20260913-001326-6dba,random_walk@1,beadmatch,puzzles\3\20260913-001326-6dba.txt
100,229,0,0,-,,,18,,5.064,,random_walk@1,beadmatch,
100,230,1,1,kociemba,18,2,15,1.2,0.002,20260913-001331-1353,random_walk@1,beadmatch,puzzles\2\20260913-001331-1353.txt
100,231,1,1,kociemba,31,4,20,1.55,0.032,20260913-001331-2866,random_walk@1,beadmatch,puzzles\4\20260913-001331-2866.txt
100,232,1,1,kociemba,30,3,19,1.58,0.018,20260913-001331-2cc9,random_walk@1,beadmatch,puzzles\3\20260913-001331-2cc9.txt
100,233,1,1,kociemba,19,2,18,1.06,0.006,20260913-001331-d404,random_walk@1,beadmatch,puzzles\2\20260913-001331-d404.txt
100,234,1,1,kociemba,33,4,21,1.57,0.004,20260913-001331-6000,random_walk@1,beadmatch,puzzles\4\20260913-001331-6000.txt
100,235,0,0,-,,,21,,5.52,,random_walk@1,beadmatch,
100,236,1,0,dfs,144,,18,8.0,0.043,,random_walk@1,beadmatch,
100,237,1,1,kociemba,18,2,15,1.2,0.003,20260913-001337-c5c3,random_walk@1,beadmatch,puzzles\2\20260913-001337-c5c3.txt
100,238,0,0,-,,,22,,5.031,,random_walk@1,beadmatch,
100,239,0,0,-,,,20,,5.497,,random_walk@1,beadmatch,
100,240,0,0,-,,,25,,5.097,,random_walk@1,beadmatch,
100,241,1,1,kociemba,24,3,19,1.26,0.005,20260913-001353-82df,random_walk@1,beadmatch,puzzles\3\20260913-001353-82df.txt
100,242,0,0,-,,,21,,5.425,,random_walk@1,beadmatch,
100,243,0,0,-,,,21,,5.053,,random_walk@1,beadmatch,
100,244,1,1,kociemba,34,4,24,1.42,0.003,20260913-001403-f43e,random_walk@1,beadmatch,puzzles\4\20260913-001403-f43e.txt
100,245,1,1,kociemba,28,3,19,1.47,0.006,20260913-001403-6f9d,random_walk@1,beadmatch,puzzles\3\20260913-001403-6f9d.txt
100,246,1,1,kociemba,24,3,17,1.41,0.013,20260913-001403-0680,random_walk@1,beadmatch,puzzles\3\20260913-001403-0680.txt
100,247,1,1,kociemba,28,3,21,1.33,0.004,20260913-001403-9c40,random_walk@1,beadmatch,puzzles\3\20260913-001403-9c40.txt
100,248,1,0,kociemba,45,,21,2.14,0.006,,random_walk@1,beadmatch,
100,249,0,0,-,,,22,,5.394,,random_walk@1,beadmatch,
100,250,1,1,kociemba,17,2,14,1.21,0.005,20260913-001408-076a,random_walk@1,beadmatch,puzzles\2\20260913-001408-076a.txt
100,251,1,1,kociemba,32,4,22,1.45,0.016,20260913-001408-20e5,random_walk@1,beadmatch,puzzles\4\20260913-001408-20e5.txt
100,252,1,1,kociemba,31,4,19,1.63,0.046,20260913-001408-dd93,random_walk@1,beadmatch,puzzles\4\20260913-001408-dd93.txt
100,253,1,1,kociemba,30,3,22,1.36,0.011,20260913-001408-cf8e,random_walk@1,beadmatch,puzzles\3\20260913-001408-cf8e.txt
100,254,1,1,kociemba,26,3,20,1.3,0.009,20260913-001409-d7f5,random_walk@1,beadmatch,puzzles\3\20260913-001409-d7f5.txt
100,255,1,1,kociemba,25,3,18,1.39,0.005,20260913-001409-40e7,random_walk@1,beadmatch,puzzles\3\20260913-001409-40e7.txt
100,256,1,1,kociemba,25,3,20,1.25,0.004,20260913-001409-a85c,random_walk@1,beadmatch,puzzles\3\20260913-001409-a85c.txt
100,257,1,1,kociemba,26,3,19,1.37,0.04,20260913-001409-1d33,random_walk@1,beadmatch,puzzles\3\20260913-001409-1d33.txt
100,258,0,0,-,,,27,,5.534,,random_walk@1,beadmatch,
100,259,0,0,-,,,20,,5.643,,random_walk@1,beadmatch,
100,260,1,1,kociemba,23,3,18,1.28,0.008,20260913-001420-ef20,random_walk@1,beadmatch,puzzles\3\20260913-001420-ef20.txt
100,261,1,1,kociemba,20,2,19,1.05,0.003,20260913-001420-d4cb,random_walk@1,beadmatch,puzzles\2\20260913-001420-d4cb.txt
100,262,0,0,-,,,21,,5.238,,random_walk@1,beadmatch,
100,263,0,0,-,,,21,,5.356,,random_walk@1,beadmatch,
100,264,1,1,kociemba,21,3,16,1.31,0.006,20260913-001430-04cb,random_walk@1,beadmatch,puzzles\3\20260913-001430-04cb.txt
100,265,1,1,kociemba,41,5,21,1.95,0.018,20260913-001430-b9d8,random_walk@1,beadmatch,puzzles\5\20260913-001430-b9d8.txt
100,266,1,0,dfs,164,,18,9.11,3.664,,random_walk@1,beadmatch,
100,267,1,0,kociemba,39,,19,2.05,0.02,,random_walk@1,beadmatch,
100,268,0,0,-,,,19,,5.313,,random_walk@1,beadmatch,
100,269,1,1,kociemba,24,3,17,1.41,0.003,20260913-001439-8107,random_walk@1,beadmatch,puzzles\3\20260913-001439-8107.txt
100,270,0,0,-,,,20,,5.216,,random_walk@1,beadmatch,
100,271,1,1,kociemba,19,2,18,1.06,0.013,20260913-001445-16b6,random_walk@1,beadmatch,puzzles\2\20260913-001445-16b6.txt
100,272,1,1,kociemba,11,2,11,1.0,0.002,20260913-001445-4cd1,random_walk@1,beadmatch,puzzles\2\20260913-001445-4cd1.txt
100,273,1,1,kociemba,13,2,13,1.0,0.004,20260913-001445-7b26,random_walk@1,beadmatch,puzzles\2\20260913-001445-7b26.txt
100,274,1,1,kociemba,22,3,16,1.38,0.005,20260913-001445-ddd8,random_walk@1,beadmatch,puzzles\3\20260913-001445-ddd8.txt
100,275,1,1,kociemba,22,3,17,1.29,0.014,20260913-001445-5e16,random_walk@1,beadmatch,puzzles\3\20260913-001445-5e16.txt
100,276,1,0,dfs,131,,17,7.71,1.173,,random_walk@1,beadmatch,
100,277,1,1,kociemba,29,3,20,1.45,0.044,20260913-001446-fefa,random_walk@1,beadmatch,puzzles\3\20260913-001446-fefa.txt
100,278,1,1,kociemba,37,4,22,1.68,0.007,20260913-001446-c340,random_walk@1,beadmatch,puzzles\4\20260913-001446-c340.txt
100,279,1,1,kociemba,33,4,22,1.5,0.017,20260913-001446-a0cc,random_walk@1,beadmatch,puzzles\4\20260913-001446-a0cc.txt
100,280,1,1,kociemba,32,4,21,1.52,0.009,20260913-001446-8922,random_walk@1,beadmatch,puzzles\4\20260913-001446-8922.txt
100,281,1,1,kociemba,19,2,16,1.19,0.007,20260913-001446-0e14,random_walk@1,beadmatch,puzzles\2\20260913-001446-0e14.txt
100,282,1,1,kociemba,21,3,19,1.11,0.008,20260913-001446-b9bd,random_walk@1,beadmatch,puzzles\3\20260913-001446-b9bd.txt
100,283,0,0,-,,,19,,5.136,,random_walk@1,beadmatch,
100,284,1,1,kociemba,21,3,17,1.24,0.01,20260913-001451-1aa7,random_walk@1,beadmatch,puzzles\3\20260913-001451-1aa7.txt
100,285,1,1,kociemba,24,3,20,1.2,0.007,20260913-001451-bc0d,random_walk@1,beadmatch,puzzles\3\20260913-001451-bc0d.txt
100,286,0,0,-,,,21,,5.13,,random_walk@1,beadmatch,
100,287,1,1,kociemba,26,3,21,1.24,0.017,20260913-001456-61ed,random_walk@1,beadmatch,puzzles\3\20260913-001456-61ed.txt
100,288,1,1,kociemba,27,3,17,1.59,0.006,20260913-001456-2f48,random_walk@1,beadmatch,puzzles\3\20260913-001456-2f48.txt
100,289,1,1,kociemba,24,3,18,1.33,0.009,20260913-001456-e06b,random_walk@1,beadmatch,puzzles\3\20260913-001456-e06b.txt
100,290,1,1,kociemba,19,2,18,1.06,0.005,20260913-001456-f388,random_walk@1,beadmatch,puzzles\2\20260913-001456-f388.txt
100,291,0,0,-,,,22,,5.452,,random_walk@1,beadmatch,
100,292,1,1,kociemba,33,4,24,1.38,0.009,20260913-001502-4351,random_walk@1,beadmatch,puzzles\4\20260913-001502-4351.txt
100,293,1,1,kociemba,25,3,21,1.19,0.008,20260913-001502-4e92,random_walk@1,beadmatch,puzzles\3\20260913-001502-4e92.txt
100,294,1,0,kociemba,45,,21,2.14,0.008,,random_walk@1,beadmatch,
100,295,1,1,kociemba,34,4,21,1.62,0.011,20260913-001502-4364,random_walk@1,beadmatch,puzzles\4\20260913-001502-4364.txt
100,296,1,1,kociemba,27,3,20,1.35,0.011,20260913-001502-d2d2,random_walk@1,beadmatch,puzzles\3\20260913-001502-d2d2.txt
100,297,1,1,kociemba,17,2,15,1.13,0.002,20260913-001502-aa03,random_walk@1,beadmatch,puzzles\2\20260913-001502-aa03.txt
100,298,1,1,kociemba,22,3,17,1.29,0.006,20260913-001502-2b68,random_walk@1,beadmatch,puzzles\3\20260913-001502-2b68.txt
100,299,1,1,kociemba,24,3,21,1.14,0.011,20260913-001502-c079,random_walk@1,beadmatch,puzzles\3\20260913-001502-c079.txt
100,300,1,1,kociemba,25,3,19,1.32,0.014,20260913-001502-98f0,random_walk@1,beadmatch,puzzles\3\20260913-001502-98f0.txt
100,301,0,0,-,,,18,,5.407,,random_walk@1,beadmatch,
100,302,0,0,-,,,20,,5.336,,random_walk@1,beadmatch,
100,303,1,1,kociemba,21,3,17,1.24,0.007,20260913-001513-33af,random_walk@1,beadmatch,puzzles\3\20260913-001513-33af.txt
100,304,1,1,kociemba,37,4,25,1.48,0.011,20260913-001513-326c,random_walk@1,beadmatch,puzzles\4\20260913-001513-326c.txt
100,305,0,0,-,,,18,,5.065,,random_walk@1,beadmatch,
100,306,1,1,kociemba,32,4,22,1.45,0.004,20260913-001518-74c7,random_walk@1,beadmatch,puzzles\4\20260913-001518-74c7.txt
100,307,1,1,kociemba,19,2,18,1.06,0.009,20260913-001518-d620,random_walk@1,beadmatch,puzzles\2\20260913-001518-d620.txt
100,308,1,1,kociemba,27,3,21,1.29,0.003,20260913-001518-ce92,random_walk@1,beadmatch,puzzles\3\20260913-001518-ce92.txt
100,309,0,0,-,,,23,,5.028,,random_walk@1,beadmatch,
100,310,1,1,kociemba,22,3,19,1.16,0.009,20260913-001523-a68f,random_walk@1,beadmatch,puzzles\3\20260913-001523-a68f.txt
100,311,1,1,kociemba,13,2,10,1.3,0.005,20260913-001523-7e11,random_walk@1,beadmatch,puzzles\2\20260913-001523-7e11.txt
100,312,1,1,kociemba,32,4,19,1.68,0.014,20260913-001523-419f,random_walk@1,beadmatch,puzzles\4\20260913-001523-419f.txt
100,313,1,1,kociemba,21,3,15,1.4,0.004,20260913-001523-ce74,random_walk@1,beadmatch,puzzles\3\20260913-001523-ce74.txt
100,314,1,1,kociemba,38,4,23,1.65,0.009,20260913-001523-3a7a,random_walk@1,beadmatch,puzzles\4\20260913-001523-3a7a.txt
100,315,1,1,kociemba,13,2,12,1.08,0.003,20260913-001523-6591,random_walk@1,beadmatch,puzzles\2\20260913-001523-6591.txt
100,316,1,0,dfs,181,,16,11.31,4.204,,random_walk@1,beadmatch,
100,317,1,1,kociemba,25,3,19,1.32,0.008,20260913-001527-f167,random_walk@1,beadmatch,puzzles\3\20260913-001527-f167.txt
100,318,1,1,kociemba,28,3,18,1.56,0.014,20260913-001527-bab5,random_walk@1,beadmatch,puzzles\3\20260913-001527-bab5.txt
100,319,1,1,kociemba,13,2,11,1.18,0.007,20260913-001527-6623,random_walk@1,beadmatch,puzzles\2\20260913-001527-6623.txt
100,320,0,0,-,,,21,,5.478,,random_walk@1,beadmatch,
100,321,1,1,kociemba,24,3,18,1.33,0.028,20260913-001532-f7bd,random_walk@1,beadmatch,puzzles\3\20260913-001532-f7bd.txt
100,322,1,1,kociemba,19,2,17,1.12,0.013,20260913-001532-3d8f,random_walk@1,beadmatch,puzzles\2\20260913-001532-3d8f.txt
100,323,1,1,kociemba,26,3,23,1.13,0.01,20260913-001532-b31f,random_walk@1,beadmatch,puzzles\3\20260913-001532-b31f.txt
100,324,0,0,-,,,19,,5.218,,random_walk@1,beadmatch,
100,325,1,1,kociemba,28,3,20,1.4,0.007,20260913-001538-4908,random_walk@1,beadmatch,puzzles\3\20260913-001538-4908.txt
100,326,1,1,kociemba,19,2,16,1.19,0.004,20260913-001538-1412,random_walk@1,beadmatch,puzzles\2\20260913-001538-1412.txt
100,327,1,1,kociemba,23,3,19,1.21,0.031,20260913-001538-ced1,random_walk@1,beadmatch,puzzles\3\20260913-001538-ced1.txt
100,328,0,0,-,,,25,,5.46,,random_walk@1,beadmatch,
100,329,1,1,kociemba,35,4,23,1.52,0.024,20260913-001543-c8ae,random_walk@1,beadmatch,puzzles\4\20260913-001543-c8ae.txt
100,330,1,1,kociemba,27,3,20,1.35,0.022,20260913-001543-3dee,random_walk@1,beadmatch,puzzles\3\20260913-001543-3dee.txt
100,331,1,1,kociemba,23,3,20,1.15,0.024,20260913-001543-34c2,random_walk@1,beadmatch,puzzles\3\20260913-001543-34c2.txt
100,332,1,1,kociemba,20,2,16,1.25,0.014,20260913-001543-ea03,random_walk@1,beadmatch,puzzles\2\20260913-001543-ea03.txt
100,333,0,0,-,,,24,,5.137,,random_walk@1,beadmatch,
100,334,1,1,kociemba,21,3,18,1.17,0.004,20260913-001548-896c,random_walk@1,beadmatch,puzzles\3\20260913-001548-896c.txt
100,335,1,1,kociemba,36,4,20,1.8,0.038,20260913-001548-66bb,random_walk@1,beadmatch,puzzles\4\20260913-001548-66bb.txt
100,336,1,1,kociemba,35,4,20,1.75,0.006,20260913-001548-16b7,random_walk@1,beadmatch,puzzles\4\20260913-001548-16b7.txt
100,337,0,0,-,,,20,,5.251,,random_walk@1,beadmatch,
100,338,1,1,kociemba,30,3,22,1.36,0.006,20260913-001554-414e,random_walk@1,beadmatch,puzzles\3\20260913-001554-414e.txt
100,339,1,1,kociemba,23,3,20,1.15,0.015,20260913-001554-85d2,random_walk@1,beadmatch,puzzles\3\20260913-001554-85d2.txt
100,340,1,1,kociemba,18,2,14,1.29,0.005,20260913-001554-a07d,random_walk@1,beadmatch,puzzles\2\20260913-001554-a07d.txt
100,341,1,1,kociemba,18,2,16,1.12,0.005,20260913-001554-8e1b,random_walk@1,beadmatch,puzzles\2\20260913-001554-8e1b.txt
100,342,1,0,dfs,198,,21,9.43,1.246,,random_walk@1,beadmatch,
100,343,1,1,kociemba,22,3,15,1.47,0.005,20260913-001555-7f33,random_walk@1,beadmatch,puzzles\3\20260913-001555-7f33.txt
100,344,1,1,kociemba,36,4,26,1.38,0.03,20260913-001555-7404,random_walk@1,beadmatch,puzzles\4\20260913-001555-7404.txt
100,345,0,0,-,,,16,,5.254,,random_walk@1,beadmatch,
100,346,0,0,-,,,19,,5.352,,random_walk@1,beadmatch,
100,347,1,1,kociemba,31,4,22,1.41,0.008,20260913-001606-7975,random_walk@1,beadmatch,puzzles\4\20260913-001606-7975.txt
100,348,1,1,kociemba,30,3,17,1.76,0.022,20260913-001606-36f4,random_walk@1,beadmatch,puzzles\3\20260913-001606-36f4.txt
100,349,1,1,kociemba,21,3,16,1.31,0.012,20260913-001606-e9a6,random_walk@1,beadmatch,puzzles\3\20260913-001606-e9a6.txt
100,350,1,1,kociemba,26,3,18,1.44,0.008,20260913-001606-3e0f,random_walk@1,beadmatch,puzzles\3\20260913-001606-3e0f.txt
100,351,0,0,-,,,21,,5.486,,random_walk@1,beadmatch,
100,352,1,1,kociemba,18,2,15,1.2,0.009,20260913-001611-d55a,random_walk@1,beadmatch,puzzles\2\20260913-001611-d55a.txt
100,353,1,1,kociemba,16,2,13,1.23,0.007,20260913-001611-e22a,random_walk@1,beadmatch,puzzles\2\20260913-001611-e22a.txt
100,354,0,0,-,,,19,,5.272,,random_walk@1,beadmatch,
100,355,1,1,kociemba,21,3,17,1.24,0.007,20260913-001616-f52d,random_walk@1,beadmatch,puzzles\3\20260913-001616-f52d.txt
100,356,1,1,kociemba,29,3,21,1.38,0.013,20260913-001616-e91a,random_walk@1,beadmatch,puzzles\3\20260913-001616-e91a.txt
100,357,1,1,kociemba,22,3,18,1.22,0.01,20260913-001616-2109,random_walk@1,beadmatch,puzzles\3\20260913-001616-2109.txt
100,358,1,1,kociemba,23,3,18,1.28,0.005,20260913-001617-16d0,random_walk@1,beadmatch,puzzles\3\20260913-001617-16d0.txt
100,359,1,1,kociemba,20,2,18,1.11,0.003,20260913-001617-6b52,random_walk@1,beadmatch,puzzles\2\20260913-001617-6b52.txt
100,360,1,1,kociemba,28,3,19,1.47,0.011,20260913-001617-2b7d,random_walk@1,beadmatch,puzzles\3\20260913-001617-2b7d.txt
100,361,1,1,kociemba,26,3,21,1.24,0.02,20260913-001617-04f2,random_walk@1,beadmatch,puzzles\3\20260913-001617-04f2.txt
100,362,1,1,kociemba,27,3,25,1.08,0.013,20260913-001617-e762,random_walk@1,beadmatch,puzzles\3\20260913-001617-e762.txt
100,363,0,0,-,,,16,,5.194,,random_walk@1,beadmatch,
100,364,1,1,kociemba,21,3,16,1.31,0.008,20260913-001622-9fae,random_walk@1,beadmatch,puzzles\3\20260913-001622-9fae.txt
100,365,1,1,kociemba,26,3,18,1.44,0.002,20260913-001622-65e8,random_walk@1,beadmatch,puzzles\3\20260913-001622-65e8.txt
100,366,0,0,-,,,26,,5.216,,random_walk@1,beadmatch,
100,367,1,1,kociemba,20,2,18,1.11,0.007,20260913-001627-ffcb,random_walk@1,beadmatch,puzzles\2\20260913-001627-ffcb.txt
100,368,1,0,dfs,167,,18,9.28,2.369,,random_walk@1,beadmatch,
100,369,1,1,kociemba,21,3,15,1.4,0.008,20260913-001629-7de7,random_walk@1,beadmatch,puzzles\3\20260913-001629-7de7.txt
100,370,1,1,kociemba,28,3,15,1.87,0.014,20260913-001629-5600,random_walk@1,beadmatch,puzzles\3\20260913-001629-5600.txt
100,371,1,1,kociemba,26,3,20,1.3,0.018,20260913-001629-ae8d,random_walk@1,beadmatch,puzzles\3\20260913-001629-ae8d.txt
100,372,1,1,kociemba,33,4,22,1.5,0.008,20260913-001629-7d50,random_walk@1,beadmatch,puzzles\4\20260913-001629-7d50.txt
100,373,1,1,kociemba,13,2,11,1.18,0.005,20260913-001629-075c,random_walk@1,beadmatch,puzzles\2\20260913-001629-075c.txt
100,374,1,1,kociemba,25,3,17,1.47,0.013,20260913-001629-6dba,random_walk@1,beadmatch,puzzles\3\20260913-001629-6dba.txt
100,375,0,0,-,,,21,,5.011,,random_walk@1,beadmatch,
100,376,1,1,kociemba,27,3,20,1.35,0.007,20260913-001634-7a55,random_walk@1,beadmatch,puzzles\3\20260913-001634-7a55.txt
100,377,1,1,kociemba,20,2,17,1.18,0.027,20260913-001634-967d,random_walk@1,beadmatch,puzzles\2\20260913-001634-967d.txt
100,378,0,0,-,,,23,,5.409,,random_walk@1,beadmatch,
100,379,1,1,kociemba,32,4,22,1.45,0.004,20260913-001640-f4b8,random_walk@1,beadmatch,puzzles\4\20260913-001640-f4b8.txt
100,380,1,1,kociemba,26,3,16,1.62,0.026,20260913-001640-f5e4,random_walk@1,beadmatch,puzzles\3\20260913-001640-f5e4.txt
100,381,1,1,kociemba,24,3,20,1.2,0.027,20260913-001640-c245,random_walk@1,beadmatch,puzzles\3\20260913-001640-c245.txt
100,382,1,1,kociemba,45,5,25,1.8,0.027,20260913-001640-363d,random_walk@1,beadmatch,puzzles\5\20260913-001640-363d.txt
100,383,0,0,-,,,25,,5.014,,random_walk@1,beadmatch,
100,384,1,0,dfs,110,,17,6.47,0.032,,random_walk@1,beadmatch,
100,385,0,0,-,,,24,,5.435,,random_walk@1,beadmatch,
100,386,0,0,-,,,21,,5.134,,random_walk@1,beadmatch,
100,387,1,1,kociemba,30,3,23,1.3,0.012,20260913-001656-db06,random_walk@1,beadmatch,puzzles\3\20260913-001656-db06.txt
100,388,1,1,kociemba,28,3,21,1.33,0.004,20260913-001656-309c,random_walk@1,beadmatch,puzzles\3\20260913-001656-309c.txt
100,389,1,1,kociemba,32,4,22,1.45,0.022,20260913-001656-651b,random_walk@1,beadmatch,puzzles\4\20260913-001656-651b.txt
100,390,0,0,-,,,22,,5.315,,random_walk@1,beadmatch,
100,391,1,1,kociemba,31,4,21,1.48,0.017,20260913-001701-19d1,random_walk@1,beadmatch,puzzles\4\20260913-001701-19d1.txt
100,392,1,1,kociemba,29,3,22,1.32,0.044,20260913-001701-6811,random_walk@1,beadmatch,puzzles\3\20260913-001701-6811.txt
100,393,1,1,kociemba,38,4,22,1.73,0.009,20260913-001701-ea72,random_walk@1,beadmatch,puzzles\4\20260913-001701-ea72.txt
100,394,1,1,kociemba,33,4,22,1.5,0.017,20260913-001701-18a8,random_walk@1,beadmatch,puzzles\4\20260913-001701-18a8.txt
100,395,1,1,kociemba,24,3,19,1.26,0.021,20260913-001701-8385,random_walk@1,beadmatch,puzzles\3\20260913-001701-8385.txt
100,396,1,1,kociemba,26,3,22,1.18,0.019,20260913-001701-e492,random_walk@1,beadmatch,puzzles\3\20260913-001701-e492.txt
100,397,1,1,kociemba,18,2,14,1.29,0.003,20260913-001701-dde0,random_walk@1,beadmatch,puzzles\2\20260913-001701-dde0.txt
100,398,1,1,kociemba,19,2,16,1.19,0.003,20260913-001701-d8f0,random_walk@1,beadmatch,puzzles\2\20260913-001701-d8f0.txt
100,399,1,1,kociemba,31,4,24,1.29,0.033,20260913-001701-6a74,random_walk@1,beadmatch,puzzles\4\20260913-001701-6a74.txt
100,400,1,1,kociemba,22,3,17,1.29,0.022,20260913-001701-591b,random_walk@1,beadmatch,puzzles\3\20260913-001701-591b.txt
100,401,1,1,kociemba,38,4,20,1.9,0.042,20260913-001701-fa23,random_walk@1,beadmatch,puzzles\4\20260913-001701-fa23.txt
100,402,1,1,kociemba,29,3,19,1.53,0.007,20260913-001701-3709,random_walk@1,beadmatch,puzzles\3\20260913-001701-3709.txt
100,403,0,0,-,,,21,,5.069,,random_walk@1,beadmatch,
100,404,1,0,dfs,198,,21,9.43,1.237,,random_walk@1,beadmatch,
100,405,1,1,kociemba,27,3,21,1.29,0.006,20260913-001707-61a5,random_walk@1,beadmatch,puzzles\3\20260913-001707-61a5.txt
100,406,1,1,kociemba,35,4,25,1.4,0.022,20260913-001708-6f14,random_walk@1,beadmatch,puzzles\4\20260913-001708-6f14.txt
100,407,1,1,kociemba,27,3,18,1.5,0.016,20260913-001708-a50e,random_walk@1,beadmatch,puzzles\3\20260913-001708-a50e.txt
100,408,1,1,kociemba,21,3,19,1.11,0.018,20260913-001708-10a9,random_walk@1,beadmatch,puzzles\3\20260913-001708-10a9.txt
100,409,1,1,kociemba,35,4,19,1.84,0.008,20260913-001708-7ff8,random_walk@1,beadmatch,puzzles\4\20260913-001708-7ff8.txt
100,410,1,1,kociemba,23,3,18,1.28,0.025,20260913-001708-37a4,random_walk@1,beadmatch,puzzles\3\20260913-001708-37a4.txt
100,411,1,1,kociemba,34,4,24,1.42,0.008,20260913-001708-fb77,random_walk@1,beadmatch,puzzles\4\20260913-001708-fb77.txt
100,412,1,1,kociemba,23,3,17,1.35,0.002,20260913-001708-3fd7,random_walk@1,beadmatch,puzzles\3\20260913-001708-3fd7.txt
100,413,0,0,-,,,18,,5.125,,random_walk@1,beadmatch,
100,414,1,1,kociemba,24,3,15,1.6,0.018,20260913-001713-115e,random_walk@1,beadmatch,puzzles\3\20260913-001713-115e.txt
100,415,1,0,dfs,92,,18,5.11,0.03,,random_walk@1,beadmatch,
100,416,1,1,kociemba,27,3,18,1.5,0.011,20260913-001713-5e61,random_walk@1,beadmatch,puzzles\3\20260913-001713-5e61.txt
100,417,0,0,-,,,21,,5.054,,random_walk@1,beadmatch,
100,418,1,1,kociemba,26,3,17,1.53,0.004,20260913-001718-1c27,random_walk@1,beadmatch,puzzles\3\20260913-001718-1c27.txt
100,419,0,0,-,,,20,,5.201,,random_walk@1,beadmatch,
100,420,0,0,-,,,18,,5.256,,random_walk@1,beadmatch,
100,421,0,0,-,,,20,,5.181,,random_walk@1,beadmatch,
100,422,1,0,dfs,192,,16,12.0,4.547,,random_walk@1,beadmatch,
100,423,1,1,kociemba,29,3,21,1.38,0.009,20260913-001738-fd38,random_walk@1,beadmatch,puzzles\3\20260913-001738-fd38.txt
100,424,1,1,kociemba,19,2,17,1.12,0.016,20260913-001738-6358,random_walk@1,beadmatch,puzzles\2\20260913-001738-6358.txt
100,425,0,0,-,,,18,,5.38,,random_walk@1,beadmatch,
100,426,0,0,-,,,19,,5.304,,random_walk@1,beadmatch,
100,427,1,1,kociemba,27,3,21,1.29,0.008,20260913-001749-3fae,random_walk@1,beadmatch,puzzles\3\20260913-001749-3fae.txt
100,428,1,1,kociemba,17,2,14,1.21,0.01,20260913-001749-5fcb,random_walk@1,beadmatch,puzzles\2\20260913-001749-5fcb.txt
100,429,1,1,kociemba,18,2,16,1.12,0.022,20260913-001749-8e63,random_walk@1,beadmatch,puzzles\2\20260913-001749-8e63.txt
100,430,0,0,-,,,24,,5.237,,random_walk@1,beadmatch,
100,431,1,1,kociemba,29,3,20,1.45,0.012,20260913-001754-bf45,random_walk@1,beadmatch,puzzles\3\20260913-001754-bf45.txt
100,432,0,0,-,,,22,,5.442,,random_walk@1,beadmatch,
100,433,1,1,kociemba,33,4,21,1.57,0.004,20260913-001759-99ce,random_walk@1,beadmatch,puzzles\4\20260913-001759-99ce.txt
100,434,0,0,-,,,18,,5.492,,random_walk@1,beadmatch,
100,435,1,1,kociemba,27,3,24,1.12,0.013,20260913-001805-4d7d,random_walk@1,beadmatch,puzzles\3\20260913-001805-4d7d.txt
100,436,1,1,kociemba,31,4,20,1.55,0.026,20260913-001805-bfcd,random_walk@1,beadmatch,puzzles\4\20260913-001805-bfcd.txt
100,437,1,1,kociemba,21,3,16,1.31,0.009,20260913-001805-4f1c,random_walk@1,beadmatch,puzzles\3\20260913-001805-4f1c.txt
100,438,0,0,-,,,18,,5.315,,random_walk@1,beadmatch,
100,439,0,0,-,,,21,,5.086,,random_walk@1,beadmatch,
100,440,1,1,kociemba,22,3,14,1.57,0.017,20260913-001815-6817,random_walk@1,beadmatch,puzzles\3\20260913-001815-6817.txt
100,441,0,0,-,,,19,,5.136,,random_walk@1,beadmatch,
100,442,0,0,-,,,22,,5.507,,random_walk@1,beadmatch,
100,443,1,0,kociemba,42,,20,2.1,0.014,,random_walk@1,beadmatch,
100,444,0,0,-,,,18,,5.49,,random_walk@1,beadmatch,
100,445,1,1,kociemba,22,3,19,1.16,0.033,20260913-001832-75c3,random_walk@1,beadmatch,puzzles\3\20260913-001832-75c3.txt
100,446,1,1,kociemba,30,3,24,1.25,0.011,20260913-001832-d752,random_walk@1,beadmatch,puzzles\3\20260913-001832-d752.txt
100,447,0,0,-,,,24,,5.498,,random_walk@1,beadmatch,
100,448,1,1,kociemba,27,3,18,1.5,0.036,20260913-001837-82e8,random_walk@1,beadmatch,puzzles\3\20260913-001837-82e8.txt
100,449,0,0,-,,,22,,5.195,,random_walk@1,beadmatch,
100,450,0,0,-,,,19,,5.372,,random_walk@1,beadmatch,
100,451,1,1,kociemba,38,4,20,1.9,0.04,20260913-001848-b690,random_walk@1,beadmatch,puzzles\4\20260913-001848-b690.txt
100,452,1,1,kociemba,38,4,21,1.81,0.018,20260913-001848-57e0,random_walk@1,beadmatch,puzzles\4\20260913-001848-57e0.txt
100,453,0,0,-,,,21,,5.134,,random_walk@1,beadmatch,
100,454,1,0,dfs,182,,20,9.1,1.342,,random_walk@1,beadmatch,
100,455,1,1,kociemba,24,3,20,1.2,0.023,20260913-001854-91c4,random_walk@1,beadmatch,puzzles\3\20260913-001854-91c4.txt
100,456,1,1,kociemba,28,3,21,1.33,0.01,20260913-001854-197d,random_walk@1,beadmatch,puzzles\3\20260913-001854-197d.txt
100,457,1,1,kociemba,20,2,17,1.18,0.016,20260913-001854-50ec,random_walk@1,beadmatch,puzzles\2\20260913-001854-50ec.txt
100,458,1,1,kociemba,24,3,20,1.2,0.014,20260913-001854-0f89,random_walk@1,beadmatch,puzzles\3\20260913-001854-0f89.txt
100,459,1,1,kociemba,17,2,13,1.31,0.011,20260913-001854-d00b,random_walk@1,beadmatch,puzzles\2\20260913-001854-d00b.txt
100,460,1,1,kociemba,21,3,18,1.17,0.005,20260913-001854-5f8f,random_walk@1,beadmatch,puzzles\3\20260913-001854-5f8f.txt
100,461,0,0,-,,,19,,5.071,,random_walk@1,beadmatch,
100,462,1,1,kociemba,24,3,12,2.0,0.004,20260913-001859-dfd4,random_walk@1,beadmatch,puzzles\3\20260913-001859-dfd4.txt
100,463,1,1,kociemba,16,2,13,1.23,0.005,20260913-001859-d9d8,random_walk@1,beadmatch,puzzles\2\20260913-001859-d9d8.txt
100,464,1,1,kociemba,24,3,19,1.26,0.007,20260913-001859-6a26,random_walk@1,beadmatch,puzzles\3\20260913-001859-6a26.txt
100,465,1,1,kociemba,22,3,18,1.22,0.011,20260913-001859-9535,random_walk@1,beadmatch,puzzles\3\20260913-001859-9535.txt
100,466,0,0,-,,,23,,5.38,,random_walk@1,beadmatch,
100,467,1,1,kociemba,34,4,22,1.55,0.005,20260913-001905-f8f8,random_walk@1,beadmatch,puzzles\4\20260913-001905-f8f8.txt
100,468,1,1,kociemba,24,3,18,1.33,0.014,20260913-001905-3f96,random_walk@1,beadmatch,puzzles\3\20260913-001905-3f96.txt
100,469,0,0,-,,,18,,5.248,,random_walk@1,beadmatch,
100,470,1,1,kociemba,22,3,18,1.22,0.016,20260913-001910-f6cc,random_walk@1,beadmatch,puzzles\3\20260913-001910-f6cc.txt
100,471,1,1,kociemba,21,3,21,1.0,0.023,20260913-001910-d372,random_walk@1,beadmatch,puzzles\3\20260913-001910-d372.txt
100,472,1,1,kociemba,26,3,20,1.3,0.005,20260913-001910-b792,random_walk@1,beadmatch,puzzles\3\20260913-001910-b792.txt
100,473,1,1,kociemba,30,3,19,1.58,0.015,20260913-001910-0f28,random_walk@1,beadmatch,puzzles\3\20260913-001910-0f28.txt
100,474,1,1,kociemba,28,3,21,1.33,0.007,20260913-001910-18be,random_walk@1,beadmatch,puzzles\3\20260913-001910-18be.txt
100,475,1,0,dfs,168,,16,10.5,0.05,,random_walk@1,beadmatch,
100,476,1,1,kociemba,27,3,21,1.29,0.008,20260913-001910-4def,random_walk@1,beadmatch,puzzles\3\20260913-001910-4def.txt
100,477,0,0,-,,,25,,5.451,,random_walk@1,beadmatch,
100,478,1,1,kociemba,37,4,20,1.85,0.015,20260913-001916-a308,random_walk@1,beadmatch,puzzles\4\20260913-001916-a308.txt
100,479,1,1,kociemba,34,4,21,1.62,0.015,20260913-001916-433f,random_walk@1,beadmatch,puzzles\4\20260913-001916-433f.txt
100,480,1,1,kociemba,21,3,17,1.24,0.006,20260913-001916-52fd,random_walk@1,beadmatch,puzzles\3\20260913-001916-52fd.txt
100,481,1,1,kociemba,23,3,21,1.1,0.009,20260913-001916-9abb,random_walk@1,beadmatch,puzzles\3\20260913-001916-9abb.txt
100,482,1,1,kociemba,17,2,14,1.21,0.01,20260913-001916-9e84,random_walk@1,beadmatch,puzzles\2\20260913-001916-9e84.txt
100,483,1,1,kociemba,32,4,23,1.39,0.041,20260913-001916-5ae6,random_walk@1,beadmatch,puzzles\4\20260913-001916-5ae6.txt
100,484,1,0,dfs,116,,15,7.73,0.03,,random_walk@1,beadmatch,
100,485,0,0,-,,,22,,5.246,,random_walk@1,beadmatch,
100,486,0,0,-,,,25,,5.189,,random_walk@1,beadmatch,
100,487,1,1,kociemba,28,3,15,1.87,0.007,20260913-001926-0b9b,random_walk@1,beadmatch,puzzles\3\20260913-001926-0b9b.txt
100,488,0,0,-,,,20,,5.063,,random_walk@1,beadmatch,
100,489,0,0,-,,,25,,5.172,,random_walk@1,beadmatch,
100,490,1,1,kociemba,30,3,23,1.3,0.014,20260913-001937-612e,random_walk@1,beadmatch,puzzles\3\20260913-001937-612e.txt
100,491,1,1,kociemba,19,2,15,1.27,0.012,20260913-001937-54e1,random_walk@1,beadmatch,puzzles\2\20260913-001937-54e1.txt
100,492,1,1,kociemba,36,4,22,1.64,0.032,20260913-001937-0840,random_walk@1,beadmatch,puzzles\4\20260913-001937-0840.txt
100,493,0,0,-,,,21,,5.132,,random_walk@1,beadmatch,
100,494,1,1,kociemba,28,3,19,1.47,0.002,20260913-001942-7506,random_walk@1,beadmatch,puzzles\3\20260913-001942-7506.txt
100,495,1,1,kociemba,33,4,19,1.74,0.01,20260913-001942-2215,random_walk@1,beadmatch,puzzles\4\20260913-001942-2215.txt
100,496,1,1,kociemba,25,3,20,1.25,0.027,20260913-001942-61dd,random_walk@1,beadmatch,puzzles\3\20260913-001942-61dd.txt
100,497,0,0,-,,,22,,5.132,,random_walk@1,beadmatch,
100,498,1,1,kociemba,36,4,20,1.8,0.044,20260913-001947-5837,random_walk@1,beadmatch,puzzles\4\20260913-001947-5837.txt
100,499,0,0,-,,,20,,5.31,,random_walk@1,beadmatch,
100,500,1,1,kociemba,29,3,19,1.53,0.02,20260913-001952-1ac7,random_walk@1,beadmatch,puzzles\3\20260913-001952-1ac7.txt
200,1,1,1,kociemba,31,4,22,1.41,0.014,20260913-001952-e75f,random_walk@1,beadmatch,puzzles\4\20260913-001952-e75f.txt
200,2,1,0,dfs,199,,17,11.71,2.844,,random_walk@1,beadmatch,
200,3,0,0,-,,,26,,5.043,,random_walk@1,beadmatch,
200,4,0,0,-,,,21,,5.278,,random_walk@1,beadmatch,
200,5,0,0,-,,,24,,5.193,,random_walk@1,beadmatch,
200,6,1,1,kociemba,42,5,22,1.91,0.023,20260913-002011-d1b3,random_walk@1,beadmatch,puzzles\5\20260913-002011-d1b3.txt
200,7,0,0,-,,,27,,5.197,,random_walk@1,beadmatch,
200,8,1,1,kociemba,44,5,25,1.76,0.028,20260913-002016-8730,random_walk@1,beadmatch,puzzles\5\20260913-002016-8730.txt
200,9,0,0,-,,,23,,5.466,,random_walk@1,beadmatch,
200,10,0,0,-,,,19,,5.279,,random_walk@1,beadmatch,
200,11,1,1,kociemba,36,4,22,1.64,0.011,20260913-002027-4d6b,random_walk@1,beadmatch,puzzles\4\20260913-002027-4d6b.txt
200,12,1,1,kociemba,36,4,19,1.89,0.007,20260913-002027-ee22,random_walk@1,beadmatch,puzzles\4\20260913-002027-ee22.txt
200,13,1,1,kociemba,31,4,24,1.29,0.041,20260913-002027-7a7c,random_walk@1,beadmatch,puzzles\4\20260913-002027-7a7c.txt
200,14,0,0,-,,,24,,5.235,,random_walk@1,beadmatch,
200,15,0,0,-,,,21,,5.098,,random_walk@1,beadmatch,
200,16,0,0,-,,,30,,5.37,,random_walk@1,beadmatch,
200,17,1,1,kociemba,43,5,25,1.72,0.03,20260913-002042-539e,random_walk@1,beadmatch,puzzles\5\20260913-002042-539e.txt
200,18,0,0,-,,,20,,5.569,,random_walk@1,beadmatch,
200,19,1,0,kociemba,37,,18,2.06,0.013,,random_walk@1,beadmatch,
200,20,0,0,-,,,26,,5.151,,random_walk@1,beadmatch,
200,21,0,0,-,,,29,,5.32,,random_walk@1,beadmatch,
200,22,1,1,kociemba,44,5,25,1.76,0.013,20260913-002058-21cb,random_walk@1,beadmatch,puzzles\5\20260913-002058-21cb.txt
200,23,0,0,-,,,24,,5.421,,random_walk@1,beadmatch,
200,24,1,1,kociemba,37,4,20,1.85,0.026,20260913-002104-c650,random_walk@1,beadmatch,puzzles\4\20260913-002104-c650.txt
200,25,1,0,kociemba,51,,24,2.12,0.018,,random_walk@1,beadmatch,
200,26,0,0,-,,,24,,5.494,,random_walk@1,beadmatch,
200,27,1,1,kociemba,42,5,23,1.83,0.035,20260913-002109-7f2f,random_walk@1,beadmatch,puzzles\5\20260913-002109-7f2f.txt
200,28,1,1,kociemba,27,3,22,1.23,0.029,20260913-002110-e2bf,random_walk@1,beadmatch,puzzles\3\20260913-002110-e2bf.txt
200,29,0,0,-,,,25,,5.125,,random_walk@1,beadmatch,
200,30,0,0,-,,,27,,5.232,,random_walk@1,beadmatch,
200,31,1,1,kociemba,44,5,24,1.83,0.068,20260913-002120-fb45,random_walk@1,beadmatch,puzzles\5\20260913-002120-fb45.txt
200,32,0,0,-,,,24,,5.501,,random_walk@1,beadmatch,
200,33,1,1,kociemba,38,4,24,1.58,0.01,20260913-002125-669f,random_walk@1,beadmatch,puzzles\4\20260913-002125-669f.txt
200,34,0,0,-,,,25,,5.621,,random_walk@1,beadmatch,
200,35,1,1,kociemba,40,4,27,1.48,0.007,20260913-002131-d0da,random_walk@1,beadmatch,puzzles\4\20260913-002131-d0da.txt
200,36,0,0,-,,,26,,5.503,,random_walk@1,beadmatch,
200,37,0,0,-,,,28,,5.059,,random_walk@1,beadmatch,
200,38,1,0,kociemba,40,,18,2.22,0.011,,random_walk@1,beadmatch,
200,39,0,0,-,,,24,,5.447,,random_walk@1,beadmatch,
200,40,1,1,kociemba,38,4,22,1.73,0.012,20260913-002147-ec3f,random_walk@1,beadmatch,puzzles\4\20260913-002147-ec3f.txt
200,41,0,0,-,,,30,,5.179,,random_walk@1,beadmatch,
200,42,1,1,kociemba,23,3,20,1.15,0.012,20260913-002152-875d,random_walk@1,beadmatch,puzzles\3\20260913-002152-875d.txt
200,43,0,0,-,,,23,,5.129,,random_walk@1,beadmatch,
200,44,1,1,kociemba,28,3,23,1.22,0.009,20260913-002157-17e0,random_walk@1,beadmatch,puzzles\3\20260913-002157-17e0.txt
200,45,1,1,kociemba,27,3,19,1.42,0.007,20260913-002157-9977,random_walk@1,beadmatch,puzzles\3\20260913-002157-9977.txt
200,46,0,0,-,,,24,,5.422,,random_walk@1,beadmatch,
200,47,1,1,kociemba,28,3,23,1.22,0.018,20260913-002203-58cc,random_walk@1,beadmatch,puzzles\3\20260913-002203-58cc.txt
200,48,1,1,kociemba,38,4,26,1.46,0.009,20260913-002203-a8cd,random_walk@1,beadmatch,puzzles\4\20260913-002203-a8cd.txt
200,49,1,1,kociemba,29,3,23,1.26,0.045,20260913-002203-159f,random_walk@1,beadmatch,puzzles\3\20260913-002203-159f.txt
200,50,1,1,kociemba,37,4,24,1.54,0.006,20260913-002203-5f29,random_walk@1,beadmatch,puzzles\4\20260913-002203-5f29.txt
200,51,0,0,-,,,20,,5.068,,random_walk@1,beadmatch,
200,52,0,0,-,,,26,,5.412,,random_walk@1,beadmatch,
200,53,0,0,-,,,26,,5.152,,random_walk@1,beadmatch,
200,54,1,1,kociemba,34,4,24,1.42,0.004,20260913-002219-7c73,random_walk@1,beadmatch,puzzles\4\20260913-002219-7c73.txt
200,55,0,0,-,,,24,,5.093,,random_walk@1,beadmatch,
200,56,1,1,kociemba,21,3,20,1.05,0.005,20260913-002224-6f37,random_walk@1,beadmatch,puzzles\3\20260913-002224-6f37.txt
200,57,0,0,-,,,24,,5.349,,random_walk@1,beadmatch,
200,58,0,0,-,,,22,,5.486,,random_walk@1,beadmatch,
200,59,1,1,kociemba,45,5,28,1.61,0.014,20260913-002235-37a7,random_walk@1,beadmatch,puzzles\5\20260913-002235-37a7.txt
200,60,1,1,kociemba,33,4,19,1.74,0.018,20260913-002235-e124,random_walk@1,beadmatch,puzzles\4\20260913-002235-e124.txt
200,61,0,0,-,,,27,,5.278,,random_walk@1,beadmatch,
200,62,1,1,kociemba,35,4,26,1.35,0.026,20260913-002240-ee28,random_walk@1,beadmatch,puzzles\4\20260913-002240-ee28.txt
200,63,1,1,kociemba,31,4,26,1.19,0.016,20260913-002240-05ea,random_walk@1,beadmatch,puzzles\4\20260913-002240-05ea.txt
200,64,0,0,-,,,24,,5.193,,random_walk@1,beadmatch,
200,65,1,1,kociemba,31,4,23,1.35,0.014,20260913-002245-2254,random_walk@1,beadmatch,puzzles\4\20260913-002245-2254.txt
200,66,0,0,-,,,21,,5.194,,random_walk@1,beadmatch,
200,67,0,0,-,,,25,,5.055,,random_walk@1,beadmatch,
200,68,1,1,kociemba,50,5,26,1.92,0.008,20260913-002255-9dac,random_walk@1,beadmatch,puzzles\5\20260913-002255-9dac.txt
200,69,1,1,kociemba,25,3,20,1.25,0.022,20260913-002255-cea6,random_walk@1,beadmatch,puzzles\3\20260913-002255-cea6.txt
200,70,1,1,kociemba,46,5,24,1.92,0.015,20260913-002255-e168,random_walk@1,beadmatch,puzzles\5\20260913-002255-e168.txt
200,71,1,0,kociemba,67,,31,2.16,0.062,,random_walk@1,beadmatch,
200,72,1,1,kociemba,39,4,24,1.62,0.018,20260913-002255-c55d,random_walk@1,beadmatch,puzzles\4\20260913-002255-c55d.txt
200,73,0,0,-,,,24,,5.302,,random_walk@1,beadmatch,
200,74,1,1,kociemba,44,5,25,1.76,0.025,20260913-002301-441f,random_walk@1,beadmatch,puzzles\5\20260913-002301-441f.txt
200,75,1,1,kociemba,34,4,24,1.42,0.03,20260913-002301-fa4a,random_walk@1,beadmatch,puzzles\4\20260913-002301-fa4a.txt
200,76,0,0,-,,,24,,5.206,,random_walk@1,beadmatch,
200,77,0,0,-,,,23,,5.129,,random_walk@1,beadmatch,
200,78,1,0,kociemba,42,,19,2.21,0.014,,random_walk@1,beadmatch,
200,79,0,0,-,,,25,,5.324,,random_walk@1,beadmatch,
200,80,1,1,kociemba,41,5,23,1.78,0.013,20260913-002317-e4f0,random_walk@1,beadmatch,puzzles\5\20260913-002317-e4f0.txt
200,81,0,0,-,,,24,,5.37,,random_walk@1,beadmatch,
200,82,1,0,kociemba,67,,21,3.19,0.011,,random_walk@1,beadmatch,
200,83,0,0,-,,,23,,5.454,,random_walk@1,beadmatch,
200,84,1,1,kociemba,26,3,19,1.37,0.016,20260913-002327-8040,random_walk@1,beadmatch,puzzles\3\20260913-002327-8040.txt
200,85,1,1,kociemba,32,4,23,1.39,0.012,20260913-002327-800f,random_walk@1,beadmatch,puzzles\4\20260913-002327-800f.txt
200,86,0,0,-,,,26,,5.202,,random_walk@1,beadmatch,
200,87,0,0,-,,,24,,5.1,,random_walk@1,beadmatch,
200,88,0,0,-,,,23,,5.504,,random_walk@1,beadmatch,
200,89,1,1,kociemba,47,5,26,1.81,0.018,20260913-002343-a31e,random_walk@1,beadmatch,puzzles\5\20260913-002343-a31e.txt
200,90,0,0,-,,,24,,5.183,,random_walk@1,beadmatch,
200,91,1,1,kociemba,27,3,20,1.35,0.024,20260913-002348-922d,random_walk@1,beadmatch,puzzles\3\20260913-002348-922d.txt
200,92,0,0,-,,,20,,5.519,,random_walk@1,beadmatch,
200,93,1,1,kociemba,30,3,21,1.43,0.007,20260913-002354-00da,random_walk@1,beadmatch,puzzles\3\20260913-002354-00da.txt
200,94,0,0,-,,,21,,5.196,,random_walk@1,beadmatch,
200,95,1,0,kociemba,47,,20,2.35,0.013,,random_walk@1,beadmatch,
200,96,1,1,kociemba,49,5,25,1.96,0.095,20260913-002359-8c04,random_walk@1,beadmatch,puzzles\5\20260913-002359-8c04.txt
200,97,1,1,kociemba,26,3,21,1.24,0.014,20260913-002359-5cc2,random_walk@1,beadmatch,puzzles\3\20260913-002359-5cc2.txt
200,98,1,1,kociemba,37,4,21,1.76,0.018,20260913-002359-06c3,random_walk@1,beadmatch,puzzles\4\20260913-002359-06c3.txt
200,99,1,1,kociemba,47,5,25,1.88,0.007,20260913-002359-8d9e,random_walk@1,beadmatch,puzzles\5\20260913-002359-8d9e.txt
200,100,0,0,-,,,24,,5.375,,random_walk@1,beadmatch,
